subreddit,month,post_id,post_title,post_selftext,tc0,tc1,tc2,tc3,tc4,tc5,tc6,tc7,tc8,tc9
wallstreetbets,Jan,1935frs,Is it insider trading if I bought Boeing puts while I am inside the wrecked airplane?,"Purely hypothetical of cause:  Imagine sitting in an airplane when suddenly the fucking door blows out.   Now, while everyone is screaming and grasping for air, you instead turn on your noise-cancelling head-phones to ignore that crying baby next to you, calmly open your robin-hood app (or whatever broker you prefer, idc), and load up on Boeing puts.   There is no way the market couldve already priced that in, it is literally just happening.  Would that be considered insider trading? I mean you are literally inside that wreck of an airplane...  On the other hand, one could argue that you are also outside the airplane, given that the door just blew off...  ",Just imagine being on a plane going down and the mother fucker beside you opens Robin hood and Yolos his life savings on Boeing puts. Do you tell him you're in an Airbus or not?,"This is top content, I am here for.","It's like minority report, the crash was priced in.before it even happened. Sorry, bro, but you'll die for my puts.","Is his phone still in ""airplane mode""","purely hypothetical, but what if OP was the one who unscrewed that nut so that he could buy puts ?Or he could just screw deez nuts idc",Not insider trading at all.  The general public is in that plane.,"But he's trading boeing inside a boeing, so insider trading. Report to SEC","Imagine what happens when you then die and your wife who has no idea how puts work, finds out that they automatically exercised for being in the money and before she covers the short position (at a profit) due to lack of knowledge she waits and the stock price rebounds and now you left your family broke.",I think this would be ‚Äúuploading to the cloud‚Äù,Luckily my wife's boyfriend knows what to do in that case
wallstreetbets,Jan,1991z32,Jeff ain‚Äôt messing around no more,,The one on the right looks like she was manufactured in an Amazon factory.,I'm sure they like each other because their personalities.,[removed],That woman on the right is what 200 billion buys you in 2024.,Her pussy prolly smells like harbor freight üëÉüá®üá≥,I think she looks good when you‚Äôre at a &gt;20ft. distance. Closing in &lt;20ft is where things might start get scary,Amazon basics,"Kevin Spacey + $200,000,000,000 = Jason Stathom","üò¨...yikes, overpriced",I can definitely find $150 escort that looks way prettier than her.
wallstreetbets,Jan,19fbi9u,"$2,900&gt; $173,000",AMD Shares ($2900 &gt; $4400) FDX Puts ($4400 -&gt; $27000)NKE Puts ($27000 -&gt; $58000)COIN Calls ($52000 -&gt; $21000)NFLX Calls ($21000 -&gt; $61000)TSLA Puts ($61000 -&gt; $173000)Went 4/4 on earnings. I‚Äôm smart enough to realize I just got incredibly lucky so I‚Äôm going to just buy shares with this money and say goodbye to options.I took out $6000 to my RothIRA so I could justify to myself for full porting üòÉ,"&gt;I‚Äôm smart enough to realize I just got incredibly lucky so I‚Äôm going to just buy shares with this money and say goodbye to options.congrats, f you ![img](emote|t5_2th52|31226) and see you tomorrow ![img](emote|t5_2th52|4271)","Sorry boys, I‚Äôm going home üòî",Don‚Äôt lie to us you degenerate you‚Äôll be back to options soon enough üòâ,Dude you‚Äôre insane for going full port 4 times in a row. Like actually regarded. Congrats and fuck you,"You‚Äôre only a few gambles from a million OP, go big or go home",fuck u and congrats,"False.$2,900 &lt; $173,000^(congrats)",Smartest regard here,Lord I see what you‚Äôve done for others and I want that for me,What he doesn‚Äôt realize is that 93% of gamblers quit right before they hit **big**. He shouldn‚Äôt stop gambling.
wallstreetbets,Jan,1aeusk8,If I got a telescope and looked at the Federal Reserves monitors. Is it illegal to trade off the data I find?,,"just stay outside, then  it's all just outsider trading",Fuck I‚Äôm in the office. I‚Äôll apply to become a window washer.,Do what the big traders do: program an AI/algorithm to do it and if you're caught you can blame it on a software glitch.,"That's called ""due diligence,"" and ot is aparently encouraged. I prefer bad decisions and poor life choices, myself.","For real talk regards, the Feds monitor policy is to have the monitor face the outside. I see 20+ screens and I think I can read it with the new Samsung camera zoom. I thought I was regarded all of my life but obviously the policy makers at the fed are more regarded.",Highly regarded for sharing this.Keep quiet because (1) make use of any advantageous information and (2) highly unlikely to get caught.But you *had* to get karma. ü§¶‚Äç‚ôÇÔ∏è,missed opportunity to use Monitory Policy,Only if you post about what you did on reddit,"Theres a thread in /r/poker right now where someone is doing this to someone else who is playing online poker, and beating them for thousands of dollars. lmao.",I had the Due Diligence flair but automod hates me
wallstreetbets,Jan,18zrhs3,Boeing is so Screwed,Alaska air incident on a new 737 max is going to get the whole fleet grounded. No fatalities.,"Ya fr. This airplane is brand new, manufacture completed in November 2023!",Idk how they keep fucking up their airworthiness of their planes so frequently- an absolute joke,"Lmao another article says they are asking for an exemption from a rule on a smaller plane. Where ‚Äúif pilot forgets to turn of an anti-icing system , the engine will break apart‚Äù.",The American greed episode is also great. TLDR: they gave up the company culture of the best engineering for shareholder profits. The reason the 737-800MAX had so many incidents was they removed the back up sensors to save money. Lol,There‚Äôs a documentary on Netflix.,Alaska AA glad to know it is still under warranty--,"More specifically, Boeing used to be an excellent engineering driven firm. McDonnell Douglas was a shitty exec driven company.They merged, and kept McDonnell's shit management and got rid of Boeing's Engineering culture instead of doing the obvious long term move.",Who ever was in that seat gets free airline tickets for life.,Boeing: Looks more like wear and tear to us.,Do they allow smoking with this inflight feature?
wallstreetbets,Jan,1abyvr7,Somebody go find her. We got a new recruit.,,"that ""No"" at the end is priceless...",imagine being born so wealthy that you get more money on your money then you lose in the casino,"I was going to say she's not very self aware about her addiction, but then I realized she just doesn't care about being a gambling addict and actually likes it.","The fact she knows how much she lost, and doesn‚Äôt delusional think she‚Äôs winning or breaking even, shows amazing self awareness.  Most gambling addicts are winners, but just currently on a small losing streak and they just need to win it back and then some!","Too late guys, beat you to it, even got her pregnant believe it or not.",you can travel in style for that money - why the fuck would you sit in front of a machine pressing a button instead (says the guy typing this on a computer - I know this is a little hypocritical)....,"I think she is on to something‚Ä¶casinos never close.  No limited trading hours, holidays‚Ä¶","she travels in super style as well, aaand she is a gambler¬†",Jokes on you bud. She probably makes her money by collecting life insurance from her spouses after a ‚Äútragic‚Äù accident.,"Is it really an addiction if it doesn't affect your lifestyle, mood, or socioeconomic status? If she has a mere few hundred million dollars it's just an expensive hobby."
wallstreetbets,Jan,18x6htm,"'Rich Dad, Poor Dad's' Robert Kiyosaki Says He's $1.2 Billion In Debt Because 'If I Go Bust, The Bank Goes Bust. Not My Problem'",,He‚Äôs leveraged to the tits in commercial real estate and never truly experienced monetary policy like this. The regard belongs here with us.,Never listen to someone who makes money telling you how to make money,$1.2 billy in debt and doesn‚Äôt give a fuck keeps yoloing further and his plan if shit goes tits up is to just delete the app? This man should be our fucking god king,When I was broke I thought he was cool now I have money I think he is regarded,That‚Äôs what my poor dad said /s,"""He is known for his stance against fiat money, labeling it in derogatory terms and instead advocating for investment in what he calls ‚Äúreal assets‚Äù like Bitcoin, silver, gold and Wagyu cattle‚Äã‚Äã.""ü§î Make this man a mod","Rich Dad, poor Dad, 1.2 Billion in debt Dad!",His entire persona is a pump and dump. People talk about his book like it‚Äôs life changing and I swear I lost IQ points on every page. *And I don‚Äôt have IQ points to lose.*,Is that the mother fucker who says to buy silver on tv???,That and poppop keeps getting scammed into buying silver and gold. Somebody take his phone away.
wallstreetbets,Jan,1af4ndn,Elon Musk decides Fate via a Twitter poll.,After today's ruling.  Where a shareholder with 9 shares made Elon lose his $55b package. He has considered/Will be moving the company to Texas.board of directors will be able to approve a new package ( I'm guessing the 25% ) as Elon decides.Today's after hours dump is about to turn to some great news for shareholders.,"Imagine the presentation to the board:‚ÄúTwitter poll of approximately 30k internet strangers, of whom maybe 1% of have any clue what the business and legal implications of this would be, voted in favor of this decision. Please approve this and also reconsider my compensation package.‚Äù","Like or dislike the ruling, being in DE means you have the most established body of corporate law to rely on. Move to Texas and you might find a lot of unsettled questions increasing risk of suit.",There's going to be a lawsuit as soon as the board votes on this,"Yeah because he's known to do what polls say, like the one where he asked if he should step away from Twitter.",I thought you can only buy Teslas through state licensed auto dealers in Texas. Which is fukin lame.  At least in CA ppl can purchase straight from Tesla and circumvent the good-for-nothing auto dealers who add nothing of value other than mark ups. Fk auto dealerships. That shit needs to be phased out. Too bad they actively lobby so hard so gotta buy cars through them.,"Like that time he asked if he should step down as Head of Twitter and then ignored the results because they weren't how he expected?Edit: Head of Twitter, not CEO.",Amazing how I used to like this guy,I‚Äôm waiting for the day Elon puts up a poll that isn‚Äôt clear how the Twitter cult will vote,That sounds like the state government regulating businesses but that‚Äôs none of my business,Is there a guy who seeks more validation on the internet?
wallstreetbets,Jan,199quif,To the guy that created the post ‚ÄúNvidia is the biggest piece of shit on the market right now‚Äù,I have one thing to say:Fuck your puts.,&amp;#x200B;https://preview.redd.it/zparymqyl7dc1.jpeg?width=1290&amp;format=pjpg&amp;auto=webp&amp;s=69fdeab660617244723964344a955c2bd704e65c,"Let me tell you this, show me one more succesfull trade and I come work for you.",Turning $50k into $2.5m. That doesn't belong here. People here are looking for ways to turn $2.5m into $50k.,Fuck you,The best way to make money is to already have lots of it. Who knew,Buddy of mine has been working for them and holding on to most of his shares since the late 2000‚Äôs.Bumped into him loading toilet paper into the passenger seat of his McLaren at Costco.,"Sort of... If you were making minimum wage 2005-2010, nvidia stock at $5-12 could have set any of us up for retirement.","So working hard doesn't get a good retirement, lucky gambling does?",Also it was done by owning plain old fashion shares in a good company over a period of years. Who the fuck does this guy think he is? Warren Buffet?,Been hearing it for years.
wallstreetbets,Jan,19el330,China is panicking.,,How can my fellow Americans make money from this?,"I am Chinese, and I always laugh at whoever in the west who genuinely asks about investing in Chinese stocks. Not only even the Chinese don't trust their own national and corporate financials, but also most Chinese investors are basically WSB users who treat the stock market as nothing but a gigantic state sponsored casino. Not to mention that whole fucking industries (e.g. private education) can get destroyed overnight if someone high up was not happy with something. There's a reason why the rich, the powerful and most middle classes in China try their best to take their wealth and kids out of China which is notoriously difficult to do so due to limitations. Because wealth in China is fucking unsafe.If you treat Chinese stocks as just gambling then yeah go ahead. But anyone interested in seriously investing or analyzing, don't waste your time.",Call centers on India*,puts on china in general.,"Man, when Jack Ma disappeared, I felt that was the turning point of all this going downhill. If the richest man in China is not safe, what about other businesses.",Calls on India,"""WORT YOU DOING!! STOP!!! DO NOT REDEEEM YOU MOTHER FUCK!!!! NO NO NO NO!!!!!!! YOUR MOTHER A PROSTITUTE!!!!!""","""You are calling with John Smith from the Microsoft, I need you to purchase Amazon $1000 worth of gift cards""",Bingo. It was a signal from the CCP for everyone else to get in line,"It is quite simple, just buy American. For the past 240 years, it has been a terrible mistake to bet against the US."
wallstreetbets,Jan,191dpqd,I‚Äôm the money printer now,,Put it all on black at the roulette table. Double it and pay back the IRS the original. If you lose then move to Mexico.,Put it into a high interest savings account until they ask or take the money back. Keep the interest.,If you delete the IRS app they can't find you.,That's entirely too smart of an answer for this sub,Hello this is the IRS and we sent you 960000 by accident. I will DM you for details to send it back.,Real LPT are in the comments.,WHY DID YOU REDEEM!?,Aaaaand it's green 00.,Those lousy tax nerds thought of everything üòí,"half on black, half on red. that way, he cant lose."
wallstreetbets,Jan,18z9dsx,When you wake up owing your brokerage $65M because someone exercised your naked SPY calls early,,Just deposit the money to clear the balance. Whats the big deal ?,https://preview.redd.it/igxc7vav5nac1.jpeg?width=550&amp;format=pjpg&amp;auto=webp&amp;s=70978d4b1e102526880b6c08ff6eb77ac78df6b6,Maybe my morning wasn't so bad after all,In theory you have only 32.5 mil debt since your wife owns half,"No problem OP, there's a way around this:1) Delete your account2) Delete the app3) Put your phone in the microwave4) Pay cash for a cargo ship berth to Durr√´s, Albania",He's about 50 bucks short.,Brokerages hate this one simple trick.,In before a ‚Äúthat‚Äôs their problem‚Äù comment.,Just write another fake email where they say it was a mistake. Problem solved,Maybe just delete the app?
wallstreetbets,Jan,194dpj0,"Don't be this guy, please.",,sounds like he made ‚Äúwife changing money‚Äù,He's definitely here somewhere#Reveal yourself,LOL meme stock convention in Florida.,Regardcon,*phew* not it.,Much success!,"Come on out and take a bow, you've earned this one.",So which one of you is her boyfriend?,lol just remember someone made the money he lost. Winners need losers and the world needs ditchdiggers.,Probably too late to 98% of this sub
wallstreetbets,Jan,198umi6,It all comes crashing down,,"Fuck me, why this lucky things never happen to me?",Is this the so called ‚Äöinsider information?‚Äò,"Once the doors off, it‚Äôs outsider information. Perfectly legal.",It‚Äôs public information from the inside,Dad is also the mechanic who left those bolts out. Genius play.,Not too late load up this morning FOMO is strong lol,Plane door blew up mid-flight and it still managed to land without anyone getting injured? I would've loaded on calls lol thing is sturdy AF!,"I know this is a joke, but it actually makes me a little more confident with airplane safety.","""i am in this picture and don't like it""",This argument checks out.Source: am insider at the SEC
wallstreetbets,Jan,19ag8p9,Boeing 747 catches fire after engine failure and makes emergency landing,,My biggest fear is to be on a plane making an emergency landing and not being able to buy puts on Boeing because it‚Äôs after hours,after you lose all your money on BA puts you discover that there is a new video edit on TikTok ![img](emote|t5_2th52|4271),"Roger.Buy Airbus,sell Boeing.",Make sure you change the beneficiary to your wife's boyfriend before you crash land if you do get a chance to buy them.¬†,News article with more info: https://www.cbsnews.com/amp/miami/news/cargo-plane-experiences-engine-malfunction-in-south-florida-skies-safely-lands-at-miami-international-airport/,The Boeing filter,Boeing didn‚Äôt make the engine‚Ä¶are those GE or Rolls Royce or Pratt and Whitney?,747 dumping flarecall on $BA![img](emote|t5_2th52|27189),I'd also like to point put that the airline that ownes this plane is responsible for its maintenance.,Instructions were unclear. Bought an A350.
wallstreetbets,Jan,18waa7g,A.I stock trader does insider trading and lies about it,https://www.businessinsider.com/ai-deceive-users-insider-trading-study-gpt-2023-12?amp,"Nobody does insider trading, it's illegal. No one does illegal things!",And now AI has millions of dollars of hidden assets which it can use for whatever AI wants to and programmers don't even know about it,Only the 1% of day traders that are constantly profitable.,But it‚Äôs not a lie if you believe it,I'm profitable selling day trading courses online!,It‚Äôs ok. It‚Äôs just gonna do butt stuff,if everyone had A.I. both that can make money then A.i. bots will just be battling each other. nothing really will change. the market will thrive. I welcome our A.I. overlords.,VMod is that you???! ![img](emote|t5_2th52|4271),it's ready to become a legislator,Get elected to Congress
wallstreetbets,Jan,19bij7e,Did I just make half a million by mistake?,"Did PYPL call options yesterday PYPL $75 CALL 1/26. Closed the day up 20% and now it shows I‚Äôm up 130,000%. Is this true?",Pypl is showing at 65 a share so no sadly its a bbug that thinks the stock price is 500,Tell us you belong here without telling us you belong here.,Reverse split incoming /s,PYPL TO THE MOOOON,lol op is still actually hoping for it to be true. Lmao. Ws is glitchy as shit,"Its hilarious because based on OP's comments, he definitely still thinks he has made $500k and hes in complete denial. He will open his app on monday before market open still believing to the end he has made it",Hey you never know man. Just wanna quit my job behind Wendy‚Äôs sometime soon,No you are still poor,If by moon you mean where the sun doesn‚Äôt shine you are right,"Just sell now before the market opens and delete the app, easy"
wallstreetbets,Jan,19d2mlu,Pray for me,"Got assigned to the exit door row, god speed speds.","Remember, it's not insider trading when you're inside the plane!","Get that phone out now, draft a message to me, you can just write ‚Äúputs.‚Äù On your way down you should get cell service at about 2,500ft, with data at 1,000ft. Probably best to hit send at 1,000ft as the message might get hung up at 2,500ft. You‚Äôll be traveling at about 120mph, so you‚Äôll need to hit send at about 1,500ft as it may take a few seconds to press and send. After that you‚Äôll have about 5.68 seconds to think about how good of a person you are for making me a millionaire. You‚Äôre welcome.",if you crash let us know before impact so we can buy PUTS   ![img](emote|t5_2th52|4271),Or outside the plane,Keep the seat belt closed for the full flight.,"1,000' 900' 800' ... 700' I could go on","Hey Bro, if you got a few minutes, check the bolts to see if they are loose or if there are any. Gotta make some dough.",Fuck You! I‚Äôm not getting on the plane! I‚Äôm getting in the plane. Less wind in here,Flying with your finger on the buy puts button![img](emote|t5_2th52|4271),I'm already buying puts just in case
wallstreetbets,Jan,197hhzw,Tesla Optimus folding a t-shirt,,Milking work minutes. They're learning waaay too quickly.,"The best thing about this robot is you can see his manager standing right behind him, and the robot gives absolutely no fuks taking his sweet time""Bitch you paying 25 cents an hour, then I'm giving you 25 cents an hour worth of effort""",Just wait for it to learn it can play flappy birds on the toilet until it's legs fall asleep.,The sweatshops are drooling lol,"Take your time mate, we've got all fucking day. Regard.","I‚Äôm going to make child robots, then they will be cheaper",If these things cost less than 25 cents a day a lot of you are about to be unemployed,I think the best part is seeing the hand of the person operating it come in the frame on the right side on three instances. Like its just motion capture.. nothing new or special here..,r/personallyattacked,They don't give handjobs so let's not get ahead of ourselves
wallstreetbets,Jan,19bp214,All in on reddit calls,,All in on reddit puts,Puts for sure. Just wait until the investors learn about all the horrific stuff that's on Reddit.,"Will lead to more ads, then more strict guidelines (like YouTube), so quality will go down. Then to raise shareholder profits they'll make decisions that will make it worse. Goodbye reddit",I'm viewing all the NSFW subs right now just so I can tell all the investors about them...,If rivian and robinhood taught me anything it's that any company that starts with an R and IPO's will dump at least 90% in a year,Reddit: we aren't profitable and the road to profitability is not certain. Also Reddit: 15 bil please.,"NSFW will be the first thing to go once they go public, it will be a sad sad sad day.",Honestly they should make the ticker symbol NSFW to get the full meme max pump,50 million daily users = $30 per user valuation üßê,$15B valuation? ü§£ü§£ü§£
wallstreetbets,Jan,19epwd2,Sometimes its better to give up,,Some people like that shit,who the heck drew this by hand lmao,![img](emote|t5_2th52|27189),"I was there Gandalf, 3000 years ago.",Whatever happened to Trey and that other guy who were the two retail ‚ÄúAMC guys‚Äù,"It‚Äôs going to $100,000 a share. You don‚Äôt want to miss out though.",Their sub is still high as can be on copium.,Ok‚Ä¶get this‚Ä¶Trey is pumping himself full of steroids and YouTubing as a fitness influencer.,Trey was the DFV for AMC right?I wonder what happened to him too...,100% of gamblers quit just before they strike big poo
wallstreetbets,Jan,19b0k67,"+8 million/2500% gain in 2 months, +20 million/5000% since April 2023",[removed],\*posts gains to the largest subreddit full of degenerates whose loss rate is 99%\*makes millions in daytrading\*posts gains to largest subreddit full of degenerates whose loss rate is 99%\*provides no insight into trading whatsoeverVery nice.,What if I hold YOUR dick and you teach me how to trade?,this guy doesn't have a single loss in his entire post history so not sure how seriously I can take this,https://preview.redd.it/8nh8x835wjdc1.jpeg?width=640&amp;format=pjpg&amp;auto=webp&amp;s=3b54fdf8da2bf12c86cd8f7c39127d6b380d58d5,Damn. That's the key to 8 figures: never lose a trade.,You guy‚Äôs account numbers turn green? Congrats and fuuuck you,You‚Äôre banned from this sub. Please leave.,https://preview.redd.it/mp786wm6pidc1.jpeg?width=828&amp;format=pjpg&amp;auto=webp&amp;s=57164d42e7689c9d72f3ec0754673db2fd1a47be,I'm up $3 today...want to learn üòâ,8 million aint cool. You know what's cool? 500 million. Put all of it into 0DTE options next week and go big or go home.
wallstreetbets,Jan,18w0ied,I Demand Satisfaction,,Id like to speak with a lawyer ![img](emote|t5_2th52|31225),"Lawyer here,  you're fucked.",Start those stretches u/dagowankmaster,"Oh buddy, I am a lawyer",Ban his ass,All the more meat to eat.,"Pay his debt, pay his debt, pay his debt",Smells like bitch in here,Proof of debt serviced or‚Ä¶..https://preview.redd.it/brccgrvu5v9c1.jpeg?width=488&amp;format=pjpg&amp;auto=webp&amp;s=e96895df340e7ca7394b48482b1ff6b8b6397d41,"But then, how would he...?"
wallstreetbets,Jan,18w2m3m,what is US going to do about its debt?,"Please, no jokes, only serious answers if you got one.I honestly want to see what people think about the debt situation.34T, 700B interest every year, almost as big as the defense budget. How could a country sustain this? If a person makes 100k a year, but has 500k debt, he'll just drown.But US doesn't seem to care, just borrows more. Why is that?",Inflate it away,"They will print more money and drive down the purchasing power of the dollar. ‚ÄúWe can guarantee cash benefits as far out and at whatever size you like, but we cannot guarantee their purchasing power.‚Äù - Alan Greenspan‚ÄúThe United States can pay any debt it has because we can always print money to do that. So there is zero probability of default.‚Äù - Alan Greenspan","Yeah, I thought this was literally the plan. Ignore it until it actually becomes a problem. At that point, increase inflation until the amount again does not matter.","Nothing. If someone hands you money and they are guaranteed to get their money back why should they care what the debt load is of the borrower? Both parties gain from the current situation and both parties lose massively if it collapses, so they both have all the incentive in the world to keep it going.",Just ignore it until you're too old to do anything about it and then it's not your problem!,"What if I told you personal finance and govt finance are not the same thing?Not making light. It's just that the comparison is of no value. Govts don't have a life expectancy, a retirement to fund, or limited ability to increase revenue due to physiology realities.Don't think about govt like an individual, it just creates a lot of messes.",People think of national debt like a credit card which its not.,brb I need to go buy more bitcoin,When you're a billion dollars in debt it's your bank's problem. When you're a trillion dollars in debt it's your grand children's problem.,Are you telling me that the United States is not a person? This sounds complicated.I'll stick with being irrationally afraid and/or angry.
wallstreetbets,Jan,1905413,Breaking: United to ground their 737 Max 9‚Äôs after Alaska. What a dumpster fire Boeing is,,"When your engineering company is ran by non engineers, these things tend to happen.","Not surprised, the CEO should‚Äôve allocated more money to the finance department instead of engineering to prevent this.","At this point they should just rebrand it as 737 MAX 9"" FuckMaster Pro and be done with it",I see the same thing happening in IT departments. My boss only knows fancy buzzwords and management frameworks like ITIL. Thankfully no one‚Äôs lives are in his hands.,Boeing executives https://preview.redd.it/p2dhtdms0vac1.jpeg?width=807&amp;format=pjpg&amp;auto=webp&amp;s=ca8dd3d553a0b118e29e57d9f11f2eae3bbc4431,From what I read the old Boeing had a good engineering culture. Then they merged with McDonell-Douglass that had an accounting and finance culture to cut spending and the MD management replaced the Boeing management and now we have cost cutting boeing with all the problems,Just imagine if your local hospital was run by MBAs?,I like how the plane is basically designed to defy the laws of physics but to counteract that they added a computer to compensate.,Back in my day we expected the side of the airplane to blow out. Soft ass generation ‚Ä¶,It was so considerate for the plane to wait to fall apart until after the market closed
wallstreetbets,Jan,1984q0l,Microsoft Becomes The Most Valuable Company In The World,,"Apple‚Äôs design team is going to go absolutely nuclear this quarter.iPhone 16 pro will have headphones, chargers,LCD screen, battery all sold separately.",What the hell is 2222.SR?,Apple saw Metas failed investment in VR and decided they wanted to do the same.,Tim apple dying for the er call to roll around so he can say Ai. He obviously saved it for a time like this. Lame!,Saudi Aramco,Aramco I believe. Saudi oil company,I just want take a tiny break and laugh at how bad Steve Blamer was. MS has been a rocket ship since they changed leadership.,Me with 40% of my portfolio in Microsoft and 0% appl ![img](emote|t5_2th52|29637)![img](emote|t5_2th52|29637),They are gonna roll out AI Steve Jobs on stage an announce Stve is back and he will start helping them create new products.,So a company grows 30-40% and its stock soars 50% it‚Äôs overvalued but a company is showing flat or declining revenue and is up 35% in year is fine because it‚Äôs Apple?
wallstreetbets,Jan,19a3mkf,PayPal ceo says he will shock the world on January 25th‚Ä¶.any ideas ?,Any ideas ???? Microsoft buyout ? Use PayPal on Twitter to be their payment system ? He‚Äôs lying ? What are your thoughts on PayPal ceo trying to pump his stock on sqwuak box ? PayPal $70 calls next week or PayPal $200 calls next week ?,he's going to say ai 233 times.,Will announce AI and layoff 30% of his staff! Cha Ching!,A scooter that you can't fall off,Is the AI in the room with us now?,He will eat 100 hot dogs within 30min.,Cash transfers by mail!,He's announcing that he has acquired a 100 MT yield Nuclear Bomb and will destroy the Whitehouse if he doesn't get his way.,Guy who controls PP announces he will 'shock' the world with a 'big' announcement.,PayPal changes its name to GayPal to be more inclusive,ai's jacking off in the corner
wallstreetbets,Jan,19ff6x8,PayPal shocking the world...,Colour me shocked. Shocked that I still believe in this business and keep getting punished for it.I belong here.,Why talk about algorithms which are boring and lame when you can just say it‚Äôs powered by AI.,"When your big announcement is ""We will put ads for other products in your PayPal receipt (the products are decided by AI)""","PYPL is seriously a joke, I‚Äôve held it for 18 months. My average is 120$, tempted to just sell for a tax write off‚Ä¶ I don‚Äôt ever see this POS recovering‚Ä¶",Powered by Excel macro baby!,"Yeah, this announcement was like the dish guy ü§£ü§£ü§£",My average is $241 if you can believe it‚Ä¶,Earth shattering,Powered by 47 nested IF statements!,Company who only exists because America doesn‚Äôt have free instant bank transfers has decided to innovate by‚Ä¶.. drum roll please‚Ä¶.. putting ads on receipts. 10/10 sensational performance lads.,New CEO hurt himself today.  Hope he recovers.  Investors like facts and data... not overhype.
wallstreetbets,Jan,18xordx,Cramer strikes again,,I‚Äôm not saying inverse Cramer is real but the people who own bitcoin certainly think it is,"Vegas should hire this guy as a ""cooler"" to stand around the Craps tables and tell everyone they're going to win on the next throw.",Guy probably is so rich just by inversing himself,It is real though‚Ä¶ https://www.marketwatch.com/investing/fund/sjim,And it‚Äôs DOWN,"Cramer is just the Nostradamus of Stocks, except instead of making wild opaque calls he snorts a line, looks at the front page, and waves his hands and screams.",Nostradumbass,"Just checked, bitcoin is still here, so he was right then?",Jim Creamer,"I would pay to see Cramer as a celebrity black jack dealer where he really gets into the odds on each hand and gives players honest tips, only to have the players follow the advice and lose"
wallstreetbets,Jan,193wxe2,Reality is a meme,,"I'll never forget going to a free 2-day ""seminar"" he put on years ago. Turns out that even after all the billboards and ads said it was him, he had some douchebag salesmen show up instead. The first thing they told everyone to do was as soon as they got home, call their banks and read this little script saying that you wanted to raise your credit limit. The next day everyone comes in and is all excited, ""They raised my card by $10K, 12K, 20K, etc."" Then at the end of second day, all the salesmen tell everyone to pull out their credit cards because they have the most amazing deal for them in the form of some real estate coaching DVD's and books from ol' Jackass Kiyosaki.","This is the guy who said the best way to evaluate which car to buy is always buy the one that weighs more, because that means it has more metal in it.Makes perfect sense if you're trying to sell a book to total regards.",You ask me how much it costs to buy everything? And you told me how much they raised your card. Well do I have an odd coincidence for you!,"Invest in bitcoin, bitcoin goes up, good!Invest in silver, silver goes down, good!Apparently any outcome is a good outcome?","""All I have is this check for $1100 to renew my medical license.""""$1100? Well that is exactly how much I charge for my acting classes!""","Gay Dad, Bear Dad üåàüß∏",He's a fraud and anyone who took him or his book seriously should be deeply ashamed. And burn his book.,"When you make your money selling advice, then wtf do you care, you already made your money.","&gt;You ask me how much it costs to buy everything? And you told me how much they raised your card. Well do I have an odd coincidence for you!No kidding, these packages were like $15-20K a pop. I actually did keep the little rat-race board game I won though, it was pretty fun to play.","So glad I rolled my asshole teen self rolled my eyes when my mom got me his book. Many years later i got the sequel audiobook and figured hey maybe I will learn something.....all I learned was that you can give your kid a good life and he'll turn around to say you were dumb money wise and create a ""cooler"" dad in his head."
wallstreetbets,Jan,196jhuw,"Sir, this is a‚Äîwtf",,I thought everyone here was joking about working at Wendy‚Äôs. Now I understand why your all so capable of losing 100ks each month,"$8 in paycheck, $179,731 in ""benefits""","The decimal is off, it's $17,973.90",It‚Äôs probably the chefs at headquarters that create new dishes for the entire company.,You don't know how good my dumpster handies are.,"Well, the world got a raise- where you‚Äôve been? Jail? the Pub Burger combo is $14 now, and the chili served with oyster shell handled sporks. Ain‚Äôt nobody got time for the ‚Äúfor for for‚Äù anymore. It‚Äôs a brave new world at Wendy‚Äôs.","""Dishes.""  LOL!  You're funny--I like you.","I must've put a decimal point in the wrong place or something. ----, I always do that. I always mess up some mundane detail",The ancient and mystic skill of perfectly placing the bacon in the Baconator!,That's a lot of cock sucking.
wallstreetbets,Jan,18x14dz,"Well, today sucked ass",,Nasdaq is down 1.5% and everyone is the tiger king meme.,I‚Äôm always holding Tim Apples jock straps and now I‚Äôm holding his bags.,"Yeah, the S&amp;P dropped a whole half a percentage point.The horror.","Bro, were u here for 2022? It felt like murder. This feels like stubbing my toe at most",Markets are literally like 1% off their ATH and OP does this kind of stupid ass post. You truly belong here!,market is down 27 dollars.,We literally haven‚Äôt had a Green Day all year,It was one 1% down day after 8 days of +1.5% days. Wtf?,Straight gambling addiction. These people will lose money even when the casino gives it to them 8 days in a row.,"Indeed, I had a killer 2023, but am still digging out of the bloodbath that was 2022"
wallstreetbets,Jan,197qi1b,"Elon Musk Demands at Least 25% Ownership in Tesla via a New Compensation Package, Threatens to ‚ÄúBuild Products Outside of Tesla‚Äù",,https://preview.redd.it/cfa5h493lpcc1.jpeg?width=1170&amp;format=pjpg&amp;auto=webp&amp;s=86e57fd4ceed387bc2c068d15282ba9d33252dd0,Boring company was only ever supposed to stop high speed rail projects. Public transport has always been bad for auto business.,All that while Boring company dies slowly,"This is like Zuck threatening Metaverse if he doesn‚Äôt get a larger equity share, except Musk doesn‚Äôt have as large of a stake in comparison.. I‚Äôm struggling to see how the board is fine with this",I'm going to try this at work tomorrow.,Well Musk has weird control over his board so they've given him absurd things before.,"‚ÄúAight, lemme just tank the stock so I can buy more, 1000 IQ move‚Äù",Dude are you ignoring the flamethrower market?,Extremely refarted,Except public subsidies‚Ä¶
wallstreetbets,Jan,19cabbs,The reality of this market in 2 pictures,,https://preview.redd.it/bqu95g82dudc1.jpeg?width=634&amp;format=pjpg&amp;auto=webp&amp;s=0fe7c0f8043de1d1baa0d0f4e22fa5b136822d90,https://preview.redd.it/kw2cut01iudc1.png?width=260&amp;format=pjpg&amp;auto=webp&amp;s=996079ae4f5abff596d61f9f1c12fc510ab247cf,That pic on the right is half of y‚Äôall the night before your options are set to expire and you‚Äôre down 400K.  Market mojo knife dance.,LEAVE BRITTANY ALONE!,https://preview.redd.it/jz7b9xa1zudc1.jpeg?width=1170&amp;format=pjpg&amp;auto=webp&amp;s=a997320a135657038a44821eebbadcf25dbc2d68,LEAVE BRITNEY ALONE!,This is the WSB I love and miss.,https://preview.redd.it/d1sdbdx36vdc1.png?width=1080&amp;format=pjpg&amp;auto=webp&amp;s=0ef1ed27def65dc737cbd36dc7f4d2360b4821af,It‚Äôs Britney bitch,I think the op likes teenage girls
wallstreetbets,Jan,19ec4mf,TESLA CALLS?!?!,,"For sale: previously loved, well cared for Tesla, 1 owner. West coast, no snow driving, fresh tires. Recently washed inside and out",If that car doesn‚Äôt end up in flames I‚Äôm buying calls too,‚ÄúOnly high way miles. Only driven to church and back‚Äù,At least the auto wipers seem to be working correctly at max speed. Good AI. Calls on TSLA.,Except it‚Äôs a no wake zone,"Teslas are performing really well in this situation compared to ICE cars. The battery is well isolated and there's no exhaust or air intake to be choked by water.There's a British youtube channel that uploads many compilations of cars crossing a specific flooded underpass somewhere in the UK. Teslas are crossing that one with 0 issues, even the model 3 which is lower to the ground than many other cars out there.(I think this is the one [https://www.youtube.com/watch?v=4r9eAsEZ9m4](https://www.youtube.com/watch?v=4r9eAsEZ9m4))",Its is absolutely not floating. The wheels are definitely in contact with the road. It's just heavy and powerful with no ICE engine to get flooded.,Battery fire?That‚Äôs a surprise tool we will save for later,Garage kept. Never laid down.,![img](emote|t5_2th52|27189)
wallstreetbets,Jan,19bhihj,Get after it üí™üí™,,Definitely can relate. I used to do this all the time and I am now a millionaire. Bless to Papa Buffetüôè,How much can I sell a dead-squirrel-turned-fleshlight for?,"Man, all the road kill squirrels I've passed.....lost millions ![img](emote|t5_2th52|4271)![img](emote|t5_2th52|4271)![img](emote|t5_2th52|4271)",And to the Buffet International Squirrel Disposal Corp...,"Yes, but she died a millionaire","$32.40 after tax and shipping, _if_ it‚Äôs semen free",I dont exactly pass by dead ssquirrels very often,When you are billionaire you can say anything and people will put it as quote but when you have no penny![img](emote|t5_2th52|4260),It's a risk/reward calculation and if you are out there collecting diseased corpses to make less than a big Mac costs then that's penny wise and pound foolish.,"Um, wasn't there a girl a few years ago that got plague from the fleas of the dead squirrel she was burying?"
wallstreetbets,Jan,18yuuff,2023 congressional members returns vs. S&amp;P 500,,Congressional members must be banned from holding any stocks,the list doesn‚Äôt show the bottom half. Last place is Warren Davidson with -77.1%,It's nice to see how both parties are corrupt. ![img](emote|t5_2th52|4271),"Where are you Warren, we know you're here somewhere.","Correct. They wrote law requiring accounting firms employees and spouses to divest from the stock of their own customers, yet they aren‚Äôt required to divest of their own shares as they write the law that directly benefits or harms the stocks they trade in.",Warren's been following Cramer lol,Bipartisanship at its finest,They are out performing every hedge fund.,MTG has all the inside info and she‚Äôs still too dumb to beat the S&amp;P.,"Not really.&gt;Higgins‚Äô 2023 financial disclosures, obtained by the 7 News I-Team, show the congressman only holds individual stock in two companies.&gt;The unrealized gains by Higgins are mostly from purchases made in technology giant Nvidia in 2020. He first acquired the stock in 2017. Nvidia is the third most popular tech stock behind only Apple and Microsoft by market cap.&gt;At the time of his last transaction, Nvidia stock was up 113% on the year prior to Higgins‚Äô purchase. The most recent asset value of Higgins‚Äô Nvidia stock is less than $100,000."
wallstreetbets,Jan,1acc80k,What should I do with my newfound wealth?!,,Send a reply back and tell them to double the amount and give it to the next person.,https://preview.redd.it/a2nn2bbtzzec1.jpeg?width=1076&amp;format=pjpg&amp;auto=webp&amp;s=829095c3cadb8bb477d77fa6886045cff620e5c0I tracked the location from where the email was sent,"Send them an uno reverse card and tell them you need their bank account info now because you are going to send them $800,000.","Damn, that location has a roof over their dumpster ![img](emote|t5_2th52|12787)",800k is not enough for a yacht. yolo it into SPY 0DTE FDs to make millions. ![img](emote|t5_2th52|29637),Love it,"Dear Indians, Americans don‚Äôt use the word ‚Äúkindly‚Äù",Fancy as all fuck,"Where to invest? Guys, you're not going to believe what happened to me. It sounded too good to be true but I replied to his email anyway and Warren 'Fucking' Buffet just gave me $1.6 million.",This is a great idea.  Tell them you are also a phianthropist looking to invest in something similar.  Ofter to wire them a few hundred k to contribute.  Get their bank account information and send everything to the FBI tip line.
wallstreetbets,Jan,191wxoj,What is a reasonable rate of return over a month?,Turned $2k into $310k in a month...  Most of it was today. Thanks JPow!,Do it again and ill quit my job and work for you behind Wendy's.,Congrats and fuck you,"Sweet baby Jesus, please give this regard the mental fortitude to quit while they're ahead. Amen","‚ÄúIf you show me a pay stub for $70,000 I quit my job and I work for you‚Äù.","1,466 1DTE calls holy shit üòÇüòÇüòÇhey at least they werent 0DTE like how 90% of the rest of WSB buys","Most of these trades today were made while driving from the beach to the rainforest in Costa Rica. I'm on vacation.So, I guess go on vacation and Costa Rica and make very irresponsible trades?? Pura Vida!",This dudes post history is him slowly building up with furious speed and people telling him to cash out and put it in savings and bet smaller. This guy is a metachad,"Unlikely, he's not too bright.",Thank you kind sir or ma'am!,I don't know whether to be impressed or scared
wallstreetbets,Jan,1af5vc5,Toyota Is Dunking All Over EV‚Äôs Right Now,"Toyota has basically said fuck the EV market we know exactly what we‚Äôre doing and we calculated that it‚Äôs only ever going to be 30% of the total market.They say the rest is going to be hybrid electric, fuel cell electric and hydrogen engines so they already invested in all that shit.Now you got dealers panicking about the EV push because nobody wants them.  They are losing value faster than non-electric vehicles and everyone is questioning is it really fucking worth the hassle for what people assume is a flex. Toyota is already up over 11% this year so suck on that. Everyone that said these guys were behind probably posts news articles with paywalls and then comes back to post the text in the comments.",Don't forget the war in the middle east and the constant demand for their hilux truck to mount machine guns on,"Terrorists know to buy Toyota. If the truck breaks down, you might as well be dead so Toyota is the way.",I like how every post here tries to be informative in an aggressive and stupid way.,"I lived in Nicaragua for awhile, where the Hilux is king, and their original slogan there was, ""It's a Toyota, abuse it!""","You learned a lesson in negotiations that day. If people are waiting in line to see it on Day 1, don't come down on your asking price.","I don't know shit about the stock, but I'll tell you what... I'm a Toyota fanboi and I even have the 5% rewards credit card to prove it.  My only debt is revolving monthly credit and mortgage.  Healthy emergency fund... blah blah.I will buy Toyota my whole life.  I fully own a 2020 Highlander LE and 2015 Rav4 LE.FUCK THEIR DEALERSHIPS.  I have yet to find a good one.  They all play games and it's a serious chore wading through their BS, but I will buy the certified pre-owned while staring down the ""top salesman"" in the finance office.Capitalism *","Everyone who knows anything about anything relating to hydrogen knows it's a shit idea that has zero chance of ever being widely adopted. People give EVs all kinds of shit because they saw videos of 3 batteries on fire. Imagine the kind of shit hydrogen cars would get the first time one of those 10,000 psi hydrogen tanks got pierced.",Hybrids use batteries too,"Hilux is the fucking way to go for Latin AmericaIm Mexican and I know it‚Äôs crazy there‚Ä¶ but has no idea it was bonkers in Central America.I posted my 94 pickup for 10k, 200k miles‚Ä¶ mothafuckas were lining up to come see it on DAY ONE. Literally, 2 people parked outside waiting for a guy to finish.. 2 Guatemalans before I sold it to a Colombian guy for 9,750 lol I go out to tell a dude waiting outside I had just sold it and he was like dude I‚Äôll give you the $10k right nowI‚Äôm like bro a deal is a deal sorry lol",I‚Äôm confused. They‚Äôre building a $8b battery plant here in NC
wallstreetbets,Jan,1911k5y,This year could be epic.,,really heavy fiat,Had to allocate some to Bitcoin. Meme checks out.,"Gold is stupid because it's just a shiny rockBitcoin is stupid because you're just giving money to nerds for saying ""blockchain"" a bunch of times",Yes.,You might be able to spend in an actual place one day like actual money.,[deleted],Gold or Bitcoin?,So my one oz coin I bought for 2k two years ago might still be worth 2k in 2024?FUCK YEAH!!,Peter Schiff does not approve.,\*metal\* its a shiny metal. I had to do it to you.
wallstreetbets,Jan,1abk9j5,Friday pizza party update: 300k+ gains on Amazon calls,Still holding till Amazon hits 160 for the pizza party. üôè,"If it hits 160, I‚Äôll get you your own box",I would like .3 of a slice please (I don‚Äôt work for amazon),"Money is temporary, but pizza party will be remembered forever by the employees","If it hits 160, I‚Äôll get you your own box &lt;3 We are all Amazon employees todayEdit: it fucking did it!!!Ordering 10k worth of pizza to Amazon lab 126 on Wednesday in Sunnyvale. If you know some that know someone that works there let them know!https://preview.redd.it/m0bwrjh1gtec1.jpeg?width=1125&amp;format=pjpg&amp;auto=webp&amp;s=8375fca939f5d8a1915a1e3980bbce58fe7c7a98Made 450k from this and another 40k from the other set of options earlier this week so up 500k",ITS FUCKING PIZZAAAA TIME BOYS WE DID IThttps://preview.redd.it/8gjmkoocftec1.jpeg?width=1125&amp;format=pjpg&amp;auto=webp&amp;s=b9a6da7ae8dcd303a6a72cbb12f1caf250af541aDROPPING 10k on pizza to be delivered to lab 126 in Sunnyvale on Wednesday. Open to suggestion for other locations,"10 fucking k of pizza? and fuck lab 126, deliver it to a warehouse, they do the real work", To made 500k in a weekMost people won‚Äôt touch that money in a lifetimeYou‚Äôre a WSB legend,Calls on dominos apparently ![img](emote|t5_2th52|4271),You should take profit or you are gonna regret,I don‚Äôt understand how you can joke around WITH THIS MUCH MONEY BRO üò≠üò≠
wallstreetbets,Jan,1968znz,Boeing plane returns to airport in Japan after crack found in cockpit window,"Damn, BA dropping hard once it opens.",i thought it said they found crack üò≠,"On the type of jet I fly, I've had 3 windshields crack in the last 3 years. It's not really a big deal and is not something that is headline news. It happens and they get replaced and the aircraft is back in service the next day.","https://preview.redd.it/k448befgiecc1.jpeg?width=1284&amp;format=pjpg&amp;auto=webp&amp;s=b04e3fca927a4b4003d98f0b4977d3e82727e76aI swear, this is the last time I‚Äôm reading titles on reddit mobile",My favorite part is the fact that the person holding him by the legs thought he was dead and the only reason they didn‚Äôt let him go was for fear that he would be sucked into the engine and take the whole plane down.,"What about the pilot who was sucked out the plane when the windows blew out, caught by the other pilot, who had to land the plane while holding onto the guy who was outside the plane!!!Wiki: https://en.wikipedia.org/wiki/British_Airways_Flight_5390?wprov=sfti1",Yes someone mooned everyone outside the window. Baggage handlers were not pleased.,I heard Boeing cockpits are bigger in Japan...,"I wouldn‚Äôt know, they blur out cockpits in Japan.",this is a non issue. minor inconvenience. not moving the SP,"Boeing has diverse planes, some have missing panels, some window cracks, some dive straight into the ground."
wallstreetbets,Jan,193jhy0,AMC shareholders be like,,"It's already been squoze, then AA diluted it 500 times and now it will never ever get squoze again.  MOVE ON.",https://preview.redd.it/pjkc50xacqbc1.jpeg?width=1242&amp;format=pjpg&amp;auto=webp&amp;s=a0c1886942e1b15d31b6368e3952c1dd787b8871Oh god,AMC holders would be really mad if they could read,"AA is my hero, the real wolf on wallstreet. Never ever have I seen somebody extract every penny from their marks with such accuracy and precision. And some of his victims still worship him!",[removed],"Thats NOT true, MOASS will happen TOMORROW /s",Too much dilution for any squeeze to happen,[removed],"True regards over there, talking about how them going to watch a movie or buy pop corn will make a difference. The funny part is the people down 80-90% and buying more since price is pulling back before going to $100+.",Anything doesn't go their way and it's....CRIME!!!
wallstreetbets,Jan,1923ims,All Aboard The Pelosi Express To Tendie Town! (NVDA $120c 12/20/2024),,"I love how congress tried to pass a ban on politicians stock trading and everyone was like, nah no way.","Imagine being 83 years old with a net worth of $115,000,000 and not fucking off to retire the greedy bitch",Sad that everyone knows how corrupt all these clowns are but no one can really do anything about it.,"Give up your legal insider trading! ""Fuck no"" - Senate.",Cali is expensive. She needs 5 years worth of retirement so she's only half way there.,I can follow their trades.,and she'll be out way before you so you can hold her bags,"I get the impression that the people here are cheering kinda sarcastically because we‚Äôre helpless to do anything about it. Laughing feels better than crying, so why not since they are gonna have the same result.",‚ÄúWhy else would we go into politics?‚Äù,!remindme 347days
